,deg_1_lob,cc_1_lob,ne_1_lob,deg_2_lob,cc_2_lob,ne_2_lob,deg_3_lob,cc_3_lob,ne_3_lob,deg_4_lob,cc_4_lob,ne_4_lob,deg_5_lob,cc_5_lob,ne_5_lob,deg_7_lob,cc_7_lob,ne_7_lob,deg_8_lob,cc_8_lob,ne_8_lob,deg_10_lob,cc_10_lob,ne_10_lob,deg_11_lob,cc_11_lob,ne_11_lob,deg_12_lob,cc_12_lob,ne_12_lob,deg_13_lob,cc_13_lob,ne_13_lob,deg_14_lob,cc_14_lob,ne_14_lob,id
0,2405.087537942429,0.938061630882745,407.5586396451903,3280.1241433979603,1.0,1045.5467605426802,2981.9277321313016,0.6230312133476106,1031.7633701869636,1617.1579484531678,0.8770525577113931,339.2209222472595,402.8709175748031,1.0,189.9034130891576,919.9513405101758,0.9373254612174975,234.04967394653775,632.0046663436931,0.8720679041931516,174.5176134038277,389.7879151214339,1.0,186.1170431031245,1710.9649470371303,0.8684480065517842,321.0030033337894,3811.390948158478,1.0,1581.4885704638905,257.95431961580584,0.0,66.8826339067696,2092.7203833443136,0.8930244857131523,330.56483126848303,1.0
1,2135.3649848594655,0.9501824969670621,343.15046761783236,2625.8191268238697,1.0,882.6545060271477,4551.910876241589,1.0,1762.7712862830226,1572.413226003697,0.9165262110636966,338.0857856873675,548.3448781006595,1.0,259.2451123091164,982.079263231242,1.0,251.018638234681,957.8191444180411,1.0,230.68293451550426,600.4943337199138,1.0,279.2385699719651,1850.888409359006,0.9008649920538058,412.63723498475457,4539.674367357995,1.0,1827.3290999058042,2828.919452671006,0.9204000095999577,945.6824449738737,2557.6684243727987,0.9267389426906889,426.3059165329932,1.0
2,2587.2718740026908,0.9383154631133046,444.17650957444926,2334.2129166360137,1.0,788.8037538216213,1438.9335459599263,0.5688567823406271,610.8098346309698,1520.2192196250155,0.9030385347033276,342.54296067506164,328.1922551600877,1.0,155.47314245014525,765.1327244601898,1.0,182.31326549234356,774.365467487021,1.0,193.80091371073544,316.60478300649606,1.0,148.2998827928423,1353.4223803607415,0.9389132734945993,319.20322802020513,1545.2158256270739,1.0,561.5543472648678,2388.5863607828505,1.0,851.9658229040482,2465.3206100867133,0.9112824994937657,425.72350934705224,1.0
3,2482.740042937439,0.7984418725936209,419.34368474130315,3098.193266745936,1.0,1001.1742616635078,4341.934640728667,0.8775209695529202,1806.5993188340574,1962.5309627000138,0.9262384339541426,448.3993836571141,556.1030920861997,1.0,265.4987219897889,407.6762924785448,0.7115160748092554,103.45075223341799,630.9485592474158,0.7324294815228871,167.57640537010306,411.32221672930945,1.0,194.61014069036594,1779.4594389164586,0.9166157645924462,374.71438500913393,4718.742640880899,1.0,1973.65935142614,3720.387448779779,1.0,1325.555186603105,1473.2658467927872,0.7977362106780688,285.6083009500894,1.0
4,1808.6911144787298,0.8861241962388001,316.1171564352458,2020.2484236503922,1.0,687.7060744148266,4109.058536785645,1.0,1641.2213578013436,1661.5503081911006,0.9453832100928121,352.097671504808,664.8232095153971,1.0,314.5786577940711,667.2890725068308,0.7899039685159664,180.11096074529542,438.76982559119966,0.804667369787107,114.70918743409128,533.0785665069149,1.0,254.90591946952492,1746.444649147394,0.932272616039503,402.953054806213,4287.951401254778,1.0,1801.461551680056,2309.3804202091687,1.0,761.8849002059989,1751.555881014926,0.9174525841696295,305.50778566173375,1.0
5,2255.2160903272106,0.9234541058338326,410.68662651327907,3935.393432187762,1.0,1239.6320569779084,5327.892019740686,1.0,2242.9656105771937,2142.252699507891,0.9181955504227651,407.0103859404678,465.66109229352924,1.0,217.56006377757276,799.4858830029034,0.7377920206761874,212.31861531130988,678.6554726300677,0.7874395835795726,176.86546347955704,548.1741285614861,0.8527619227907377,257.42242710185553,2356.6094372130956,0.8952692954000755,485.16813738527384,5620.600913487277,1.0,2364.8922686704777,3885.5902282022157,1.0,1293.0488091876502,2159.151633808511,0.934970721752337,388.45207351341554,1.0
6,2487.7292167992996,0.9600550373515855,418.7897697626451,2125.8650955542385,1.0,699.1130289033238,2048.850593291113,0.8163320123777968,806.7966152860524,1931.3687386640315,0.9623363700241815,433.98050136167456,303.1045866722924,0.844485608267333,140.0613746032788,1042.556545876653,1.0,258.55096293804775,866.6058393855639,1.0000000000000002,202.96835979911495,456.5354498864002,0.8437298776362596,209.6342356419088,1850.6162901239784,0.9448269694970269,401.209496234642,3901.846373577456,1.0,1494.8953411808457,2444.5988690341496,1.0,830.5428023282618,2691.089278783588,0.9564416680412638,472.36737830333004,1.0
7,1366.5600890207047,0.8198870690051407,219.84748851499486,3872.6649091232007,1.0,1219.633994393118,3846.178027189521,1.0,1569.9682402875617,1840.424763282305,0.9412578106521767,397.31631939819675,554.1275958450738,1.0,265.2188100676451,1017.1597728324263,1.0,256.5407130556399,725.6639080366359,0.8757085193940208,179.78441129807308,450.0953168798861,1.0,216.04079349864955,1839.6082160567119,0.9268301243931025,411.2435440577022,3698.320622596545,1.0,1574.4168803753641,3421.195397295265,1.0,1136.6133360303418,1361.1417909712911,0.8422856882808102,213.61443287754312,1.0
8,1985.85060944012,0.9191941558688886,340.4412827268823,3753.871842131698,1.0,1149.414889783868,3612.3286521466343,1.0,1467.972449649582,2297.004654876285,0.9166495803830416,507.04644554385544,339.9545704173276,1.0,161.59111385179745,1005.2161032559777,0.9514915616623595,271.7685380630561,838.2691487066376,0.9107257874466653,201.28373769621803,542.1300529462827,0.850018500091151,253.67739165010923,2403.6899142041866,0.8737547674124949,547.2796066283611,3295.839265505617,1.0,1273.659965483837,819.7358216452965,0.6753784422809742,270.5276506584693,1757.4360860704742,0.9078051388980238,317.56474629145384,2.0
9,1042.0184804682751,0.6380258540050757,169.6924025580158,285.3043679242431,0.0,71.32609198106186,3535.573635702902,1.0,1426.3149001853267,2973.3674352802336,0.9304427423648777,687.0091593210763,191.62445061041157,0.0,64.00117345747513,481.0278169592324,0.815179321386827,134.61251518087758,585.3405943902535,0.8359869717644889,159.8258121954569,358.24322186618156,0.0,119.55080846767709,3047.101984004118,0.9197876950779984,707.3733317819951,3753.181087129411,1.0,1476.0403025507055,0.0,0.0,0.0,1290.7256360718272,0.46349831205579317,179.76274698111422,2.0
10,964.9258145358522,0.7247201404968462,136.53722676572218,3245.7686594404718,0.8886539497258348,1073.6176105915176,4148.71394312855,0.9097151689263903,1977.5219361722457,2312.210520206174,0.9678049067710925,506.30734925505476,496.2743033718207,1.0,232.98349457876532,813.5170443826728,0.8243797039276999,203.84694770361097,1057.5644503881513,0.9693243643262004,255.13509364297803,374.6525349348634,1.0,176.1287253346929,1953.040450032884,0.9655173500870357,446.0566996022965,2383.0640866649514,0.5292808837817959,1034.0496795471704,1027.6595996418926,0.0,320.9587152325606,927.4952068765004,0.5825285071421555,111.3748616840972,2.0
11,959.1846814161986,0.5688497727227483,143.17273229411856,818.9470182363017,0.0,204.7367545590958,1821.3412729768856,0.0,731.9189432696514,2556.1673797256626,0.9352364563418587,541.2460854129342,551.2309214473985,1.0,260.98674164864514,807.5865685151057,0.7990155725664974,195.96818889601823,629.0195267303735,0.7536405009521847,170.69900701404933,507.4903205682548,0.8944821756257387,245.0606788955841,2438.448225313025,0.9138839032759982,542.0071103510609,4711.086660927496,1.0,1938.3531751927005,607.0174303897729,0.0,151.754357597466,589.1602250028045,0.6031730805045363,77.7738243234709,2.0
12,544.3207679388569,0.2727272727272727,59.433286845554676,4566.173221062431,0.8,1216.7027117010116,2243.835529977959,0.5433144886145467,946.6912312037862,23.58483663278518,0.0,3.063423092292833,0.0,0.0,0.0,698.2062006808035,0.8571428571428571,143.94221063752494,119.14674413244542,0.7135654447904926,24.291919833852003,405.0497827457033,0.75,149.86068586175907,1121.148205076574,0.0,189.30597759181785,4368.049106460967,1.0,1805.7172046181763,7218.477651919509,1.0,2335.8281723138944,762.6647088577503,0.2746339199903197,89.67143292563428,2.0
13,956.795380063467,0.6436681679868922,142.75417679452826,2950.500916567476,0.9088043065191362,998.1972773278816,4003.203028103926,1.0,1560.7403121880618,1957.2543410886328,0.9765266362757892,456.6736257386934,381.95443898055174,1.0,183.95160586260232,291.69831027135814,0.5677965290889518,82.02889616243706,416.6644478754649,0.46768191214128735,111.66775379584944,616.3295028141755,0.887241847149473,291.2477262380168,2262.7750163218507,0.9311115616241923,517.3557514374694,4282.977979140916,1.0,1829.2989876339793,3783.243439377249,1.0,1304.3506998298574,602.9994330658842,0.7531643373418347,82.50814400486732,2.0
14,2623.7449163085857,0.9306470757998832,431.3826032148703,2889.409989049561,0.9999999999999998,1030.0351512967045,3553.966546157174,1.0,1404.223123118561,1677.2146321557245,0.9560543533778841,366.1882386265813,626.9555698887592,1.0,290.3750468457436,604.904481071828,0.8025304811420206,154.28067844348465,861.1652252732456,0.8659586692301592,206.3469201504363,644.4803686448305,1.0,307.19307713239954,2021.6689593008268,0.9400385161683218,457.43323644410907,3486.3432814724815,1.0,1355.7957914161836,3443.363332247119,1.0,1217.3785965711977,2850.655932978679,0.9370106314681915,464.6675620437299,2.0
15,1919.2456340906492,0.8587856775139248,338.34703673384485,3693.8058485279653,0.8,1088.0154302276285,4628.617021698708,0.9010750749002757,1947.2391965836935,2481.8554210037214,0.9790380309681385,571.3956485271789,335.18332612675016,1.0,158.1624804893842,1037.2742316437373,0.9556135965877914,281.78897975559624,1077.8189026164341,1.0,275.7378790516715,386.64214924039663,1.0,184.33060107467347,2312.9001968259245,0.9542062732308827,545.8717949069462,5024.398385750148,1.0,2079.273184251006,2954.8955113902134,0.6630842721036585,1012.5196691771911,1709.9600298057803,0.8838848628505666,304.71698606779114,2.0
16,3046.0039634919667,0.8998279460656158,529.33514998467,2327.8381849562725,1.0,766.0646221922192,5941.82440636547,0.9999999999999999,2447.861820914997,2088.338829107502,0.949306629469715,471.83905048554266,417.41403644457193,1.0,197.97384561060522,601.8776317882955,0.8945591769738532,139.78393489930838,671.3107290489189,1.0,163.98706038652887,380.2276605656313,1.0,182.3255083909438,2040.672716572018,0.9445482072078133,448.828291495995,5896.998796704734,1.0,2293.5824324087107,2805.1724756276208,1.0,927.4622230906637,2632.76954824713,0.9490504204598587,449.63430559469856,2.0
17,2930.025736592332,0.8560802154774687,498.01544889807553,7098.419916588699,1.0,2161.0205670999003,5524.369419947027,1.0,2128.1538767343654,2533.2137943868734,0.9102060998493609,546.1589512129317,534.1518368128313,1.0,251.7389466360321,942.1883278141024,0.9702778266244466,224.38341220942894,875.8498257751653,1.0,229.50918237549283,373.8389809663097,1.0,176.55232057015238,1706.9395906092168,0.9560387427760612,391.01286097175085,2089.0608560094447,0.5351996292733493,920.4175416092497,4676.40699290773,1.0,1444.2465279484272,2640.489741275873,0.8190860031217941,391.33455518391185,2.0
18,1632.1538528200845,0.9335861744747429,283.4464929637134,3133.801167779219,1.0,1073.7101471917017,4225.899334842334,1.0,1753.7898306549896,2264.4485502591065,0.9337619340322784,507.39725842308974,471.603749483867,1.0,223.94659421948023,999.1494273018665,1.0,244.75019417382768,807.1203055268659,1.0,198.78853773735372,518.0193961664296,1.0,239.18665358124082,2518.1094473790185,0.9000749727862978,563.0496132529638,3453.5159002444443,1.0,1320.599987738003,3341.321977575392,1.0,1110.154261123331,1718.1606665191396,0.949930685252538,310.7994772436236,2.0
19,1140.092403876866,0.8024278142070925,218.95308975981533,2300.233503075497,0.9125416094618805,808.9301483491729,1954.1929818334265,0.5352013236097257,879.7838343795513,1820.3086875053718,0.9536876734093583,414.8705735419031,524.9185880897555,1.0,252.4468842345445,1093.3274940661624,0.9999999999999999,291.9582657933893,1182.295846555509,1.0,299.3335200560315,390.01393892599276,1.0,187.31320640134157,1721.6772469818031,0.9580720473932397,411.0177824394958,2127.367232320812,0.8001429276001253,898.364460779675,2596.0549358889393,0.9274694929937729,874.9496866233269,1020.9391340860167,0.7390816307894611,177.14559745773292,2.0
20,2088.6574096594695,0.8097810798832856,336.04343947109186,2908.7197908572048,0.9455954697067532,1020.3266307385054,4257.975800808989,1.0,1707.1882596356932,2659.6566300543564,0.9041984911256274,550.8678975094373,439.13582088863564,1.0,202.4934131246723,1107.321032061223,0.9999999999999999,286.8052815010199,1077.5078010721031,0.9534289868592248,259.60947282585033,450.6894482559093,1.0,214.35335590484638,2124.670584271198,0.9422198849905459,479.7727258027159,4049.7056243801135,1.0,1664.5819854083525,3809.4350867669177,1.0,1258.9019175494082,2153.832534481637,0.9289976409029926,397.1977702595013,2.0
21,2320.158049043682,0.9040592774073496,397.7585292322712,3434.074470914516,1.0,1148.5773128537367,3763.911520758207,1.0,1455.1037537380666,1227.250750818191,0.7661395203546116,197.34987297824418,387.0389697383122,1.0,183.6388969331481,1063.8605941324226,1.0,255.6992164259212,1070.9552008709813,0.9467150518654897,242.0807989018415,717.7142696801377,1.0,323.08107247646217,2709.962655678254,0.9432850034180942,586.3053009905803,4112.07598288336,1.0,1728.254679148954,4024.4791511794874,1.0,1374.911018046923,2482.290286715708,0.920429576734315,428.77110187286763,2.0
22,1096.0277949893532,0.5673634932820784,177.60882225424868,391.3348034286202,0.0,97.83370085716084,602.0349921116081,0.0,201.17020932503638,1980.712984921576,0.9694104546954401,429.7055650127692,376.3491376412196,0.9185478647765706,178.89550595494686,977.9554797744552,0.9172864116395848,246.10420158660978,752.03708034035,0.901731741383468,191.88419900622802,306.47580932396005,0.9068087218995552,146.56430311866518,2137.6194131000548,0.9142728687360514,477.93479129928284,2388.9120365082495,0.0,799.8890302162041,1268.7496560051654,0.4279018148631371,450.5106349156105,931.1902071724446,0.7984142427464538,152.771802788763,2.0
23,1435.5956937973788,0.8993558005453494,247.50827397718737,1218.040500268238,0.47264830390066814,367.6369595546349,3022.449494506327,1.0,1168.3593539258015,2969.432209338949,0.9646765987315897,625.7792458992925,328.49770284647235,0.8760021001467208,158.04659474671774,794.4417868742086,0.608274055798099,223.86198051085975,721.4513162756809,0.9000703896392247,183.75607071070445,499.5537968204593,0.8878083516756623,235.26448665045115,2034.325269915139,0.9480235401507989,466.71004627039537,3251.43903071558,1.0,1272.7710171592767,1172.9319928308473,0.0,293.23299820767045,1601.2626440478073,0.8782854610202828,260.51023398036784,2.0
24,2025.050860842543,0.9081810780979254,352.29816120101526,4024.1797267570773,1.0,1342.9426610285827,3814.9126468713825,1.0,1541.2364985795275,2632.3024666177903,0.8959510573568803,577.902176674572,385.7286850367341,1.0,184.45127357998587,1363.0471256145622,0.9513105829891755,365.68487197601445,1084.3524576102159,0.9511186728667382,287.2719221258461,432.54372271463376,1.0,205.66556556127665,2655.3627229038107,0.9271484004030912,607.5644143729437,3100.4313489546157,1.0,1247.3229287687848,4461.773354835891,1.0,1505.6577387868638,2182.4979716499383,0.9207102250682616,379.0500702039541,2.0
25,2823.251915383455,0.926379988796269,487.6994426913532,1004.7434745130791,0.4490770124117054,306.8774611047564,3372.4987117541477,0.8343421393193577,1232.2524764405462,3092.609345704283,1.0,729.1012913490523,450.071057052293,0.8652412518994851,208.47774375168163,989.0237868108479,1.0,230.6232202522461,900.8275597853991,1.0,214.82513254575764,358.13812793697167,1.0,170.2142719890598,3346.845198940575,1.0,729.0402599309617,2579.629860771456,0.7840926203832947,1072.554261091909,2013.761011607638,0.436095922797024,735.719829115609,2057.6404707850957,0.9143401408210035,359.9245965332075,2.0
26,2108.4740267728616,0.9166278964707146,346.8016272561427,2572.4155881371926,0.8811172694147208,838.2469963397168,4454.596660160182,0.9229042003385153,2006.578464429504,3302.4063949915967,0.9650177140122069,717.2280734188294,431.5586021756423,1.0,206.38204987855366,475.1153968599177,0.8885957433208501,124.04496324275557,355.4365914521413,0.8476303785279601,89.24134541823244,389.6388804289443,1.0,184.8219812632209,1873.4533154183673,0.943378902450313,401.03675595625714,3681.728826933548,1.0,1492.8781908202216,3370.7847663599778,1.0,1139.87699280254,1957.649443675224,0.8659120581427875,348.6736305831149,2.0
27,2248.103945990208,0.7956307625303886,394.7743045999186,2579.2665941179594,0.9540597868640154,897.4816817119024,3143.963479962175,0.7514328008157249,1337.221467747292,2423.3093771968893,0.8918960887447405,519.7532564217114,501.4813837480859,0.8812624474979467,239.5708504370106,464.4988320446524,0.7740415935299368,131.70507696763283,443.4217468475257,0.7339128420114565,98.54273669508628,522.4075691563405,0.8973745904409987,242.93962384363857,2660.5407518819356,0.9104571802087905,584.5567869903697,3384.606343866205,1.0,1429.443753966143,3649.924842185524,0.94312911762388,1300.8248015790318,2361.6714485918633,0.8057214983548578,399.03786344459934,3.0
28,1157.5191428947983,0.5674921733682592,187.77412681617133,2595.6109560947843,1.0,898.4059626729806,6313.191833764162,1.0,2575.876256283031,1243.7024543469788,0.8535894353716684,267.48567627672986,622.921084661032,1.0,295.8991144204407,1618.0395668902343,1.0,447.5210365244213,1735.381885162242,1.0,461.7592699815019,614.7151999886203,0.9999999999999999,291.62600917005255,1171.9469869429242,0.8182716325428285,253.59077788056453,4856.310819931481,1.0,1944.25167997988,3046.3078791322623,1.0,1034.7663809386395,1175.5382484350605,0.6718427864051377,188.9406921035277,3.0
29,1537.5092163531883,0.7243760316519006,255.22515145259777,3055.949598409513,1.0,1040.6122532535087,4541.462876276597,1.0,1668.9529106591358,2505.451805931146,0.9848426469454234,553.2074289332127,533.5357570427649,1.0,254.0702677781565,1245.5671102328047,1.0,307.28779232989683,1201.9615749475665,1.0,281.62049373813744,561.5659433840647,1.0,265.1541302531757,2051.260781185025,0.9555795004996254,480.87992538082904,3306.439857427665,1.0,1362.325034153638,2930.9230025840125,1.0,971.6222272345376,1446.7414635081416,0.7015170585914361,211.72823641191397,3.0
30,1579.5651802487912,0.8664174752541297,265.29256947594945,2671.6963070249485,0.8,841.7781520961889,3144.3622859347424,1.0,1175.5677435104021,2493.712328503063,0.9765814214567562,535.841019508667,494.007290738896,1.0,232.93265018017144,1190.4047564525863,1.0,318.36583641921055,1153.9427725419373,1.0,306.68023714010496,526.6497066924967,1.0,245.65182818597856,1787.7178506714292,0.9204519776220447,391.13806681193324,3459.508699068741,1.0,1340.880624723732,1584.6722256730752,0.5891638323242328,516.4476359071849,1320.4460011107878,0.9105993268927679,218.72494742871686,3.0
31,2983.3058413829162,0.9297818996657509,489.5060872346976,3494.937400495299,1.0,1181.333646872565,3318.02648416754,1.0,1264.5988884194378,2056.938351620278,0.9385444249381538,472.7350250707276,465.9988303124802,1.0,208.36154028546332,1320.959523587407,1.0,334.3192783055735,1147.0743754809987,1.0,284.90998190562743,441.4921883948968,1.0,211.4661590218655,1562.1662535413975,0.9342999388813578,359.940818837852,3349.0614628528265,1.0,1286.381610331965,2984.5299728503182,1.0,1039.7643476733476,2553.7818983517495,0.9188671988570424,459.5010000069178,3.0
32,2077.332099067237,0.8753895553674159,368.08996399159366,3462.9367440814867,1.0,1129.2958168076511,1944.2229452925715,0.825984304851877,742.8938857912098,2107.7322712337063,0.9556459979830466,473.993137518433,518.5621925332,1.0,242.83460496484375,665.9231854960973,0.7649705805636372,180.0107133817887,729.3854612078349,0.7504423335421188,181.38887446097237,520.2325054590303,0.8783923695247471,248.36456429822368,1967.6443980058514,0.8781218061311429,433.42447924715793,1648.1600145119469,0.6207789814332934,599.0451051525691,2797.8040774753417,1.0,937.6807325451803,2097.758628821193,0.9047296822890055,372.8360220229171,3.0
33,1347.2302139588203,0.9193070380147826,246.64149569740394,2680.261745107735,1.0,866.0936654024741,266.060483752204,0.0,88.6868279174065,2238.6731271785434,0.9797603720935074,521.7841571837185,281.1260937208963,1.0,134.30724006149734,689.9322462806382,1.0000000000000002,165.31190282054558,741.9214936997025,1.0,178.4951002182907,312.23309032852205,1.0,148.88594846681224,2300.2653664151203,0.9440906469710472,515.7574328930709,1338.1035457970459,0.8557448494219995,542.4639161660173,2154.510451052237,1.0,713.7915283225807,1577.11007116393,0.8592107403977532,295.36912127521464,3.0
34,2804.983717070481,0.8651581706118101,469.11660137112284,3553.914645384574,1.0,1158.9865422101625,3282.792364050407,0.8917539361831532,1463.9076302846024,2368.216618778472,0.9326195661961579,527.7828544149359,449.1477428702987,1.0,211.6360768631469,865.9506395812392,1.0,218.89674304414197,979.035584363357,1.0,251.39501638391306,473.3008182239082,0.8847590085649194,227.49998551092605,2593.391658243347,0.9346879488467922,563.7637515612001,3760.54693199366,1.0,1490.2840728697329,2881.5072181501027,1.0,881.385399342504,3084.470666981317,0.8598122500776794,506.1661418172435,3.0
35,1959.7457891133736,0.8090918021164694,335.92586030245235,4320.410715813168,1.0,1455.4090154137734,209.22709279233968,0.0,86.79396692076119,3104.692754254504,0.9824490904141532,688.1886678684414,264.64302816993137,1.0,120.05979221012248,865.1179663101685,0.649575413931819,207.8472875580476,1105.9650182029661,0.9145065785491726,262.2209909995298,228.07052944745925,1.0,102.28310681125338,1768.403036460827,0.9634613415036299,388.8002049752628,3218.96525217901,1.0,1204.046305015356,4368.228720940876,1.0,1512.3848820051246,1267.3574073050577,0.8273551483897269,203.93314314638502,3.0
36,1352.9824009142142,0.8657619714965045,223.39424530004365,2719.595948297606,1.0,888.8637792202042,4700.182938606111,1.0,1916.7857822668382,1421.4922776309286,0.9402103165932895,319.97291421144985,442.06213691907817,1.0,208.36288844161447,1230.7323357754283,1.0,316.09919189709933,1216.4899508397655,1.0,301.2293880801926,448.79799463792375,1.0,215.2642483231844,1348.3444918583727,0.922006693326506,300.8846457197185,4585.514265473114,1.0,1849.5005843915696,2849.210972485958,1.0,982.0747481022621,1375.3058472682433,0.8202971993039266,230.79175154202332,3.0
37,309.5990036153447,0.449000077493259,52.8774480199572,802.4377277611145,0.47029557890974943,243.7754218365075,3687.9442914165334,1.0,1445.981418327472,3277.610495479852,0.936507162364911,760.9590871741078,380.0198806326583,1.0,180.73937826037957,1236.4581138572596,0.9648964407368616,325.65071668961065,855.6772773462259,0.931579468503353,207.79853521220835,448.85648863169945,0.9139913133500912,209.1349885816151,2551.6551263308493,0.9070629551110861,578.9181461514693,4537.649849075742,1.0,1766.4460796642231,932.7586592692417,0.0,233.1896648172983,324.24027626386726,0.37244697653925996,47.869981451017196,3.0
38,719.1189811444904,0.7371686744006304,113.93212748872966,959.3224467381646,0.6,244.92281990632137,3412.5689238230084,1.0,1380.8331517642735,2454.236818692532,1.0,582.2771223891233,426.7134319581926,1.0,203.6865985345829,678.4246264981206,0.847622436707425,173.55067644782432,1233.5161573287758,1.0,307.51979845940633,593.9729562290739,0.8605948465339257,281.3199372720624,2218.676134710619,0.931676043987241,508.52769951568797,2160.41238402582,0.75,883.7853681761862,1136.6822772222952,0.4456900301508188,359.9783040535589,498.72526519551025,0.5531200325281778,65.72272097505896,3.0
39,1759.981947207908,0.8859495247463539,315.2751350118237,1248.8530327320198,0.440748782502955,450.91206712087643,5475.604288135728,1.0,2067.1784850745034,2161.5496366768252,0.9189049159105279,458.68986814212764,294.813910932189,1.0,139.62778460551502,825.8279092393656,1.0,215.46817245648973,914.1861596403451,1.0,230.73342864962936,415.6803074340807,0.8822160104848917,198.53876866737968,2433.1028471928885,0.8358068148149558,540.9547818442298,1759.3672012748552,0.6234342116454645,628.2983584713436,953.9628858550786,0.6,242.29316413980467,1991.68276814256,0.8898556068921437,338.47140919207567,3.0
40,2640.5694218663925,0.8413696052007794,460.42812390404924,8436.950313697458,1.0,2563.8516054155016,5883.782593812492,1.0,2212.150706524003,5915.602387244498,0.9931834245550457,1198.2615660030008,421.17839314767525,1.0,196.12627663911493,1424.8008480400172,0.7926944267806205,377.45931657632315,1295.6817345353004,0.8928196931716151,308.92548984868284,377.53054921826947,0.8921881088693688,180.05826916125807,4816.283293655721,0.9710640621558222,1100.981540835,5524.612628033214,1.0,2116.8488939141835,9696.301986417493,1.0,3163.746255130251,2510.459298096114,0.8234251551546617,410.84695581362536,3.0
41,2786.673606627584,0.9070777307624396,495.9929803916303,3907.616376571724,0.9352872575681646,1237.9810834385191,3731.787006526102,1.0,1484.8222587083856,2168.745553499006,0.9250772383953942,491.54745598896017,475.4312890124346,1.0,225.82705823026907,1165.994790893252,1.0,291.4890089270738,1096.1925492388254,1.0,272.18454881405256,365.80122298836824,0.9001444911334432,175.24863249826936,1675.5319059713593,0.9308907845423585,375.0661200042125,3886.4680201160145,1.0,1585.1356891099845,3384.033133487712,1.0,1100.965181324664,2902.7760955524263,0.8959396814410348,509.3805494760487,3.0
42,2057.4157469637507,0.984232048604238,346.642011850887,3778.914722344021,1.0,1253.4244252576877,792.7633652042207,0.0,315.5856393135999,2451.382479140067,0.8296878791691696,564.0681309807909,252.85985401611725,1.0,104.1288993511141,770.4393178330967,1.0,196.46634544845602,1106.628268392005,1.0,251.77282054626977,12.201497492006443,0.5722789729648685,5.716328390743586,620.0645781826905,1.0,114.7127731089949,2562.6384967420154,1.0,917.2091796394502,2712.559045631662,1.0,859.3172102116698,1606.0273854598302,0.9377226109844915,264.27640672317654,3.0
43,1547.8592029050806,0.918451475917211,251.88822449160924,1845.0098194917714,1.0,613.5615869146454,4926.385026347798,1.0,1936.3601527248927,1256.210429929897,0.9510138230952268,255.54538143165448,137.3637671570144,1.0,66.137055249938,445.2563682263916,0.9556999081071943,108.78281983830558,524.9113280718324,0.95821663324708,134.9388334103867,176.06868089043385,0.8963943992187524,84.29954625340184,2501.7800303928834,0.910395802781827,528.2241384621004,5179.292214400484,1.0,2103.48150714256,3240.5124046094174,1.0,1082.4826669514534,1727.153766804086,0.9333708096529576,306.5955113543066,4.0
44,1820.9009060598655,0.9190016820033631,313.35641567907254,3192.655054559861,1.0,1065.6957213163303,4519.34889301405,1.0,1680.497656591432,1791.4792666013232,0.9367940957627463,389.86389231524583,234.07474892996055,1.0,111.02243060728213,460.62081048094853,1.0,108.30483382734647,714.1250446821078,1.0,178.0473400237312,339.19332479052565,0.8574009059741455,157.4960171418245,1567.220024156143,0.9076261844515651,303.2106044379614,4887.07590169107,1.0,1870.0564588890295,5449.884190794261,1.0,1821.469322736169,1865.2008099035913,0.9406918992808152,317.14221047574665,4.0
45,1064.4076033757738,0.8654945466888805,183.0671729703831,3031.1720353716423,1.0,981.4235810382645,7228.691205876245,1.0,2946.49722123077,1796.6918347067415,0.911390348554474,400.3389853303498,142.4902184611013,1.0,65.7322691714241,520.1729447667515,1.0,119.9110075587299,463.4898268817604,1.0,110.62715211507437,190.29709439213093,0.8415011803266844,87.69524149364022,2385.5011579918764,0.9088922567586688,522.4901846738703,5363.915447942041,0.0,2412.580865031106,4252.8912163465,1.0,1425.8653671072952,1711.571131711369,0.9652219162447448,313.5995707246224,4.0
46,1089.7383162678016,0.9217694929644785,189.15718948539094,2190.1423897013997,1.0,744.2143432631714,5748.79913735251,0.8145232395444174,2349.0352187070857,1929.6172873512446,0.8916115996009842,425.95836823195543,154.40131029840424,1.0,66.2064071061107,451.1311479285735,1.0,109.90258860034568,604.7816791026771,1.0,138.09023310715708,226.0805230738534,1.0,98.15968346725928,2517.089487869537,0.9299667732072108,518.8752998687894,6866.459870475317,0.8720270269568184,2951.0012237181454,4402.858557703899,1.0,1603.916347603133,1795.562630930535,0.8825346714786675,324.5286013113013,4.0
47,1807.8874196879717,0.8837218459614508,312.3078096290968,2395.4916470996154,1.0,813.1510485183283,3813.8937908316866,0.8607517279693282,1635.7282074668392,1423.4601918907092,0.9228652558913303,323.21681731090405,218.43398070839706,1.0,101.83592866658968,472.5586292555339,1.0,109.86241734753867,377.19712150395577,1.0,86.8976100792341,207.29335515005133,1.0,97.26367913656395,1532.7580934844334,0.881130490975577,357.0555304962543,3503.800160191111,1.0,1439.1192307308484,2411.848164297715,1.0,825.6727645185853,1505.381310701691,0.9119252531285771,259.19741702958163,4.0
48,1494.6293154538464,0.8856071825964148,248.23746286774482,2850.3301519716565,1.0,959.336741755004,5922.895327234843,1.0,2297.566156076739,3375.9424245767477,0.9451489597466131,714.5717617742116,111.95226488520144,1.0,51.66555054962372,492.4147394050572,1.0,119.10823525563634,506.7384532429927,0.9119043055932907,118.02584238706166,128.7100273072322,0.8544913896247865,60.46196741949721,3154.106812292086,0.9398635309342224,692.7101403507597,4283.358127668052,1.0,1670.3450205449371,3021.734632557992,1.0,948.5838537681668,1718.9016071154779,0.9065539279196315,313.59006850737757,4.0
49,2300.3374930094637,0.9134680854562731,412.6959726610412,1904.912404848056,1.0,649.6111553417342,3506.6108589053647,1.0,1352.8854678019552,1590.9390578749344,0.9582340653182124,344.6142567975137,318.7749156161514,1.0,148.2983917983966,482.88078910623256,1.0,113.8674715631711,568.0001041174836,1.0,133.81026668707602,302.53707775583723,1.0,145.13526307389174,1991.3280498420656,0.9344756356424734,422.1080312482322,3598.4461994916555,1.0,1461.0478777078602,2273.4731348434766,1.0,784.2221466201343,1965.9133429868305,0.9357217148414955,342.70969132823035,4.0
50,1943.5848355468202,0.9129221087016671,321.29754245283954,5722.755246472209,1.0,1882.2258017569177,7299.293046964318,0.7861091180991665,3042.386629083989,3834.402621355186,0.9256040914528268,838.858967273122,172.18829204611532,0.9999999999999999,76.5714680849156,652.5380560898199,0.9666912612260411,152.08677274317466,526.1299752120565,1.0,120.29448250147108,208.04624879392728,0.5484959488906844,94.27122700882569,2814.172038058896,0.9194715915477291,637.983096962384,8539.689029393136,0.7776321902254202,3654.7020529463953,6861.067543584395,1.0,2039.9928031816605,1376.0456282755324,0.9202843347667456,237.67836169639483,4.0
51,1629.228816226853,0.930034583109506,271.5576346094991,2579.9857248017443,1.0,879.6257680735656,4655.636294804717,1.0,1833.9991767049182,1466.915110547691,0.8917785816191083,336.9033475283127,158.13331280739885,1.0,72.13819957102616,394.7074820139124,1.0,96.3790500387116,408.113817026073,0.9649260185964668,94.27465400517353,202.29308543063235,1.0,92.54492401853956,1549.4935320864952,0.9115215389150637,383.3222039948443,5019.3244021941455,1.0,1942.0450727945495,3215.96763022811,1.0,1011.2803872038108,1615.0605971775374,0.9056864253161151,288.9600045910708,4.0
52,1180.8883379183428,0.9085429099292742,204.00340036839108,2632.7898448102123,1.0,920.4776906472932,3642.333350089337,1.0,1214.1111166963792,2239.474575387389,0.9397748345202039,468.8883589758257,159.58549504694287,1.0,66.92710664768524,427.43340610285384,1.0000000000000002,106.49240731629776,444.5936058240382,1.0,110.07968541066433,89.56013244286265,0.8584775914795322,39.46027192649815,2890.953009866923,0.9624901915148243,629.7397061908623,4210.691590658989,1.0,1527.4244261402641,3670.7821524094893,1.0,1357.8204370578082,1758.841682436122,0.8947194400299132,293.4477940253601,4.0
53,1102.8264317027852,0.9227051058287739,188.30545974228306,2828.737723089151,1.0,972.3643811611443,5216.542804635008,1.0,2125.1352699181016,1574.8371755817095,0.9416646132211768,341.1090843489231,121.5306015576631,1.0,51.517521868360845,445.8203604897528,1.0,115.07386586100652,463.7493957544484,1.0,110.92370794191997,148.12456489439066,1.0,70.63801391583404,1813.846179849516,0.9427128540455476,387.6268563542558,6677.663932673555,1.0,2701.540017590214,3011.422605466825,1.0,1029.6522159756025,1361.520154613856,0.9362172273110209,235.83789658853541,4.0
